Id,Concentration,Absorbance,Stdev
1,15mM,0.293597110533105,0.0484009071574978
2,7.5mM,0.278877665555065,0.0153090587996233
3,5mM,0.244374429021529,0.0303946792402329
4,3mM,0.231911218178621,0.0347289807306848
5,0mM,0.206051283839576,0.0787914403972285
